c,best_default,best_mean_performance,best_std_performance,auto_mean_performance,improvement_over_auto
0.1,0.9,0.9099079710951402,0.13742228777674015,0.907005386568254,0.002902584526886187
0.5,0.9,0.9153987429109033,0.13757741173068863,0.9124883306981347,0.002910412212768554
0.9,0.7,0.918317987934429,0.13764682983361048,0.915619152964819,0.0026988349696099867
