method_prior,AP_mean,AP_std,AUC_mean,AUC_std,A-NICE_mean,A-NICE_std,ECE_mean,ECE_std,Epochs_mean,Epochs_std
auto,0.9117042900770692,0.13477973623299264,0.909600527478368,0.1551255120934332,0.5628250249356233,0.31986578005897315,0.06140630737490204,0.07479132679008382,11.11111111111111,9.339844988141705
0.5,0.9128850578679457,0.13446619618154326,0.9120042042269799,0.15526458344082325,0.575805926848427,0.3813752807950604,0.07453046620481031,0.07665272883457391,10.25925925925926,8.184627065154977
0.7,0.913741433691785,0.13505180777525352,0.911526446659444,0.15607021090038256,0.5991901131271019,0.35188587705243923,0.06957622038666415,0.08608044003223135,10.925925925925926,8.869817066144167
0.9,0.9141585163054677,0.13455054149541992,0.9120054557683491,0.15557559827841866,0.8223359403700455,0.40811604406255986,0.08516966916637671,0.10474111531450472,12.296296296296296,9.600765750964435
1.0,0.8971264685419856,0.14861512181306308,0.8966383718392876,0.16995541175746945,0.8306372284478019,0.3775153264159844,0.10986995421987515,0.12880887874051045,14.806878306878307,10.42809179342007
